{
  "task_type": "segmentation",
  "sample_count": 24,
  "dataset_length": 24,
  "event_counts": {
    "wayanad_2024": 24
  },
  "image_shapes_preview": {
    "(17, 64, 64)": 24
  },
  "channel_count": 17,
  "channel_min": [
    1159.0,
    1180.0,
    1219.0,
    1129.0,
    1289.0,
    1823.0,
    1972.0,
    1693.0,
    2736.0,
    1511.0,
    1246.0,
    2061.0,
    0.009322871454060078,
    0.002996852621436119,
    0.0,
    0.0,
    0.34845656156539917
  ],
  "channel_max": [
    1669.0,
    1747.0,
    1833.0,
    1945.0,
    2259.0,
    3995.0,
    4504.0,
    5301.0,
    4079.0,
    3705.0,
    3024.0,
    4837.0,
    10.747474670410156,
    1.5819752216339111,
    965.4960327148438,
    0.0,
    0.35500818490982056
  ],
  "channel_mean": [
    1251.1636047363281,
    1309.0766499837239,
    1420.5313415527344,
    1263.5218200683594,
    1640.0423380533855,
    2679.022206624349,
    3084.0616455078125,
    3118.080576578776,
    3282.553151448568,
    2240.963368733724,
    1636.0403645833333,
    3306.090342203776,
    0.28674706638503267,
    0.05995332282680484,
    754.6908972530315,
    0.0,
    0.3514575939734641
  ],
  "channel_std": [
    39.969172964239945,
    57.028358895255224,
    76.90656900159892,
    91.25016851239039,
    122.60929194130195,
    255.22750404697814,
    314.67615877956035,
    389.54442067607687,
    241.78418699637214,
    270.56441042777953,
    205.6058312187418,
    344.2669827599066,
    0.3827372772019841,
    0.06767605656096654,
    144.72572813797336,
    0.0,
    0.0012871603100431091
  ],
  "channel_schemas": {
    "wayanad_2024": [
      "sentinel2_b01",
      "sentinel2_b02",
      "sentinel2_b03",
      "sentinel2_b04",
      "sentinel2_b05",
      "sentinel2_b06",
      "sentinel2_b07",
      "sentinel2_b08",
      "sentinel2_b09",
      "sentinel2_b11",
      "sentinel2_b12",
      "sentinel2_b8a",
      "sentinel1_band_1",
      "sentinel1_band_2",
      "dem",
      "rainfall_current",
      "soil_moisture_current"
    ]
  },
  "positive_tiles": 24,
  "empty_tiles": 0,
  "positive_tile_fraction": 1.0,
  "positive_pixel_fraction": 0.087890625,
  "max_mask_sum": 1125.0,
  "max_mask_sample": "wayanad_2024/2024-12-11_736_1184"
}