{
  "task_type": "segmentation",
  "sample_count": 24,
  "dataset_length": 24,
  "event_counts": {
    "wayanad_2024_val": 24
  },
  "image_shapes_preview": {
    "(17, 64, 64)": 24
  },
  "channel_count": 17,
  "channel_min": [
    1124.0,
    1062.0,
    1098.0,
    1056.0,
    1161.0,
    1509.0,
    1630.0,
    1460.0,
    2563.0,
    1458.0,
    1193.0,
    1768.0,
    0.005031181965023279,
    0.0016082244692370296,
    0.0,
    0.0,
    0.26374995708465576
  ],
  "channel_max": [
    1505.0,
    1479.0,
    1753.0,
    1934.0,
    2208.0,
    4065.0,
    4588.0,
    5371.0,
    4148.0,
    3762.0,
    3023.0,
    4979.0,
    11.56180191040039,
    1.645057201385498,
    965.4960327148438,
    0.0,
    0.2666650712490082
  ],
  "channel_mean": [
    1176.2648315429688,
    1198.8185628255208,
    1345.7024434407551,
    1211.9566752115886,
    1591.3701273600261,
    2652.203572591146,
    3029.0801595052085,
    3155.678538004557,
    3269.2247721354165,
    2253.0963033040366,
    1593.6646931966145,
    3257.3536783854165,
    0.29459840930335685,
    0.06155774061976634,
    754.6908972530315,
    0.0,
    0.26544144505745254
  ],
  "channel_std": [
    29.0838927368351,
    50.132503453269514,
    80.3311443008303,
    95.32011648186715,
    129.20070023936333,
    282.9232001653894,
    342.46159049176424,
    442.1872002271834,
    267.446755073352,
    275.43930231174426,
    208.3510028220768,
    367.73272283193114,
    0.5166473985528263,
    0.08609337582267983,
    144.72572813797336,
    0.0,
    0.0005778312308900999
  ],
  "channel_schemas": {
    "wayanad_2024_val": [
      "sentinel2_b01",
      "sentinel2_b02",
      "sentinel2_b03",
      "sentinel2_b04",
      "sentinel2_b05",
      "sentinel2_b06",
      "sentinel2_b07",
      "sentinel2_b08",
      "sentinel2_b09",
      "sentinel2_b11",
      "sentinel2_b12",
      "sentinel2_b8a",
      "sentinel1_band_1",
      "sentinel1_band_2",
      "dem",
      "rainfall_current",
      "soil_moisture_current"
    ]
  },
  "positive_tiles": 24,
  "empty_tiles": 0,
  "positive_tile_fraction": 1.0,
  "positive_pixel_fraction": 0.087890625,
  "max_mask_sum": 1125.0,
  "max_mask_sample": "wayanad_2024_val/2024-12-16_736_1184"
}