{
  "epoch": 30,
  "train_loss": 1.0996013681093852,
  "val_loss": 1.1042010734478633,
  "iou": 0.4201981791605552,
  "best_metric": 0.4201981791605552
}