{
  "epoch": 30,
  "train_loss": 0.9526857088009516,
  "val_loss": 0.9595875889062881,
  "iou": 0.3447344697390993,
  "best_metric": 0.3932335072507461
}