{
  "epoch": 20,
  "train_loss": 1.1264287879069645,
  "val_loss": 1.0616673330465953,
  "iou": 0.3252458480621238,
  "best_metric": 0.3252458480621238
}